0	190	9414.0
0	407	9414.0
1	198	55500.0
2	113	13642.0
2	354	42545.0
2	35	1548.0
2	149	3709.0
2	193	20681.0
3	80	1044.0
3	65	9079.0
3	450	1305.0
3	489	13757.0
4	306	6568.0
4	340	416.0
4	54	10472.0
5	93	12311.0
5	71	12311.0
6	384	1233525.0
6	259	687470.0
6	257	73720.0
6	8	252481.0
6	265	118763.0
6	10	117412.0
6	452	643652.0
6	13	132110.0
6	14	560874.0
6	276	227296.0
6	278	584843.0
6	283	367789.0
6	286	694420.0
6	287	173244.0
6	480	118891.0
6	347	38602.0
6	294	87833.0
6	295	1839950.0
6	297	340139.0
6	436	277199.0
6	300	377019.0
6	308	10771.0
6	56	468769.0
6	57	11525.0
6	60	198172.0
6	61	75555.0
6	319	686182.0
6	321	43481.0
6	66	56000.0
6	323	109257.0
6	324	65461.0
6	325	347150.0
6	326	54000.0
6	454	35026.0
6	330	13694.0
6	331	1235594.0
6	332	14221.0
6	269	84090.0
6	339	53650.0
6	85	248396.0
6	342	32130.0
6	88	323704.0
6	90	317883.0
6	91	954365.0
6	348	54391.0
6	94	125428.0
6	352	574240.0
6	97	434649.0
6	354	84265.0
6	99	555526.0
6	100	44163.0
6	103	106580.0
6	360	93844.0
6	361	23232.0
6	106	129640.0
6	365	78229.0
6	113	846534.0
6	147	90350.0
6	372	97769.0
6	374	68634.0
6	376	349885.0
6	377	227843.0
6	378	286079.0
6	123	117390.0
6	124	1292439.0
6	183	18012.0
6	128	64242.0
6	385	56675.0
6	387	54400.0
6	193	1420328.0
6	392	1403826.0
6	137	925060.0
6	394	88827.0
6	175	25849.0
6	399	113599.0
6	144	168856.0
6	145	788853.0
6	403	828937.0
6	404	221436.0
6	406	13350.0
6	408	354183.0
6	409	669633.0
6	495	112488.0
6	413	247832.0
6	160	273182.0
6	161	283362.0
6	162	16498.0
6	420	125019.0
6	165	353125.0
6	167	59931.0
6	425	85285.0
6	170	104566.0
6	171	134553.0
6	172	449012.0
6	431	162108.0
6	176	70350.0
6	433	368818.0
6	180	72550.0
6	439	49850.0
6	442	186486.0
6	443	601556.0
6	492	1442016.0
6	190	608601.0
6	447	54400.0
6	449	814852.0
6	194	1162050.0
6	196	10582.0
6	197	88298.0
6	198	1234310.0
6	460	682265.0
6	458	25524.0
6	322	1215775.0
6	207	72140.0
6	208	1030315.0
6	210	11305.0
6	416	419199.0
6	212	597658.0
6	469	105047.0
6	216	228.0
6	218	140276.0
6	476	186997.0
6	221	505981.0
6	479	153909.0
6	224	421622.0
6	481	54450.0
6	482	53848.0
6	487	51535.0
6	232	120142.0
6	233	228213.0
6	236	267665.0
6	493	521541.0
6	381	54450.0
6	241	52107.0
6	242	53550.0
6	499	222640.0
6	468	51491.0
7	449	37903.0
7	236	18524.0
8	352	34657.0
8	481	5316.0
8	194	36315.0
8	452	42050.0
8	198	69300.0
8	168	1091.0
8	492	28656.0
8	460	87975.0
8	322	112554.0
8	208	115410.0
8	376	37.0
8	499	15551.0
8	212	82598.0
8	344	1794.0
8	409	212647.0
9	465	1642.0
9	228	6785.0
9	30	1350.0
9	135	7077.0
10	384	248767.0
10	145	10560.0
10	212	49450.0
10	198	90250.0
10	449	72453.0
10	236	102417.0
10	492	16037.0
10	190	1653.0
11	208	30906.0
11	243	30906.0
12	288	5355.0
12	53	9910.0
13	332	817.0
13	124	34866.0
13	492	370.0
13	208	164199.0
14	384	217976.0
14	449	358615.0
14	194	101587.0
14	259	174884.0
14	452	63738.0
14	193	72051.0
14	236	77528.0
14	331	182956.0
14	460	329780.0
14	322	228552.0
14	208	243635.0
14	145	132790.0
14	212	191392.0
14	377	88707.0
14	409	125806.0
14	90	28855.0
14	91	201613.0
14	165	28712.0
14	352	63826.0
14	198	358062.0
14	295	44405.0
14	233	70.0
14	300	8626.0
14	493	1925.0
14	303	227626.0
14	113	244223.0
14	137	162250.0
14	56	175309.0
14	404	18738.0
14	443	66700.0
14	124	172589.0
14	492	220998.0
14	319	203125.0
15	409	30410.0
15	322	13832.0
16	465	7598.0
16	182	7598.0
17	409	26020.0
17	130	2185.0
17	421	47.0
18	336	12179.0
18	265	11267.0
19	152	3991.0
19	117	7903.0
19	366	11625.0
20	360	52367.0
20	111	624.0
20	31	17328.0
21	193	18829.0
21	125	3686.0
22	40	9414.0
22	193	18601.0
22	190	2479.0
22	110	5871.0
23	193	3154.0
23	26	14525.0
23	125	3154.0
24	193	17641.0
24	402	9.0
24	451	9177.0
25	100	6613.0
25	124	6936.0
25	333	14280.0
25	429	952.0
26	193	20425.0
27	152	8742.0
27	281	1565.0
27	205	16664.0
27	366	288.0
27	117	6645.0
28	474	17289.0
28	124	49702.0
28	437	20587.0
29	384	13775.0
29	68	20995.0
29	198	305183.0
29	56	10393.0
29	236	128500.0
29	460	5200.0
29	319	10602.0
30	65	17858.0
30	450	156.0
30	135	1350.0
30	360	499335.0
30	489	1957.0
30	366	1404.0
30	80	21394.0
30	124	18042.0
30	370	19261.0
30	403	102665.0
30	316	83361.0
31	142	7700.0
31	111	8788.0
32	384	71097.0
32	261	870.0
33	400	1691.0
33	405	17544.0
34	392	94845.0
34	60	19890.0
34	172	15856.0
34	462	19575.0
34	62	19890.0
35	113	11433.0
35	193	29231.0
36	56	42705.0
36	145	82838.0
36	236	114506.0
36	224	42705.0
36	198	224027.0
37	235	8760.0
37	470	8760.0
38	384	9310.0
38	193	6244.0
38	426	14002.0
39	449	25403.0
40	110	12730.0
40	190	9414.0
41	401	5244.0
41	194	23389.0
42	208	79924.0
42	409	153685.0
43	449	18563.0
44	152	18703.0
44	318	15940.0
45	322	20276.0
45	259	54581.0
45	294	2958.0
45	166	55729.0
45	460	55960.0
45	499	6773.0
45	492	22355.0
45	194	161106.0
45	143	1124.0
46	288	10401.0
46	320	7460.0
46	114	3161.0
47	208	1200.0
47	145	114621.0
47	384	54500.0
47	436	10013.0
47	212	164403.0
47	198	470080.0
47	56	58404.0
47	112	10013.0
47	236	66057.0
47	124	2340.0
47	319	51010.0
48	384	15639.0
49	384	32640.0
49	145	64737.0
49	58	32640.0
49	236	41268.0
50	113	26270.0
50	295	9775.0
50	392	1615.0
50	236	7790.0
50	193	256232.0
50	124	19967.0
51	384	15966.0
52	212	115277.0
53	288	2922.0
54	416	172213.0
54	107	9450.0
54	483	1888.0
54	132	21338.0
54	261	540.0
54	193	135022.0
54	356	9416.0
54	267	10856.0
54	172	3790.0
54	113	6425.0
54	403	59195.0
54	340	11576.0
54	150	11976.0
54	249	696.0
54	348	6408.0
54	105	19270.0
54	124	118334.0
54	221	152.0
55	417	8148.0
55	405	19132.0
56	384	492089.0
56	259	270550.0
56	449	276847.0
56	137	138627.0
56	452	157844.0
56	322	396503.0
56	145	295683.0
56	404	19266.0
56	279	48408.0
56	409	245808.0
56	286	425732.0
56	160	50005.0
56	289	100010.0
56	165	163044.0
56	295	109350.0
56	480	239281.0
56	173	12445.0
56	303	149109.0
56	433	50005.0
56	180	184328.0
56	436	281036.0
56	443	143615.0
56	492	285219.0
56	190	50005.0
56	319	41285.0
56	321	333614.0
56	194	152005.0
56	68	9310.0
56	198	1234255.0
56	201	19627.0
56	331	301235.0
56	460	282406.0
56	224	582306.0
56	141	12312.0
56	208	419035.0
56	193	136682.0
56	212	350692.0
56	85	61855.0
56	57	98434.0
56	217	4300.0
56	90	24912.0
56	91	100731.0
56	476	49793.0
56	352	106499.0
56	97	111929.0
56	354	50005.0
56	362	85614.0
56	236	145223.0
56	493	49997.0
56	112	192612.0
56	113	127776.0
56	377	192520.0
56	251	12245.0
56	124	175802.0
57	384	148051.0
57	449	50005.0
57	322	32100.0
57	259	146084.0
57	452	41100.0
57	492	36450.0
57	331	31825.0
57	460	166909.0
57	208	95367.0
57	145	113806.0
57	212	197681.0
57	342	6525.0
57	409	43700.0
57	217	99721.0
57	91	50005.0
57	476	92437.0
57	198	474438.0
57	236	112227.0
57	303	97880.0
57	113	50005.0
57	180	49936.0
57	436	312509.0
57	319	49555.0
57	377	131643.0
58	355	35109.0
58	236	33.0
58	198	71557.0
59	448	43877.0
59	193	3512.0
59	416	133420.0
59	348	55551.0
60	128	8950.0
60	384	215043.0
60	261	540.0
60	449	134042.0
60	392	159330.0
60	203	456334.0
60	462	260.0
60	145	105349.0
60	403	464346.0
60	278	554515.0
60	216	586175.0
60	91	432255.0
60	476	62.0
60	221	267179.0
60	287	154.0
60	160	152.0
60	416	205011.0
60	198	155862.0
60	295	527202.0
60	348	36830.0
60	193	340119.0
60	172	322152.0
60	431	260.0
60	113	568411.0
60	124	156048.0
60	61	47840.0
60	190	50005.0
61	384	148833.0
61	449	80860.0
61	203	26536.0
61	193	27402.0
61	392	762985.0
61	331	84262.0
61	140	1180125.0
61	208	22480.0
61	145	174013.0
61	403	284178.0
61	278	83835.0
61	216	48662.0
61	346	66415.0
61	363	121606.0
61	92	1891609.0
61	221	45384.0
61	416	85775.0
61	99	61248.0
61	295	1517349.0
61	488	783107.0
61	299	141624.0
61	172	111264.0
61	200	1490185.0
61	431	46500.0
61	113	41588.0
61	124	122570.0
62	392	10890.0
63	392	280.0
63	416	54120.0
64	392	153203.0
64	113	8950.0
64	403	43334.0
64	172	130288.0
64	295	18225.0
65	80	1957.0
65	450	6945.0
65	117	78.0
65	360	5586.0
65	489	11192.0
66	384	83030.0
66	352	525.0
66	452	72250.0
66	198	647211.0
66	492	39100.0
66	331	38569.0
66	460	70575.0
66	208	38614.0
66	145	8400.0
66	211	180.0
66	212	264301.0
67	354	17841.0
68	198	192011.0
68	236	31981.0
68	460	5200.0
68	319	5814.0
69	298	3615.0
69	198	84653.0
70	337	18012.0
70	124	18012.0
71	288	12311.0
72	77	12226.0
72	277	12236.0
73	212	61773.0
73	165	85.0
74	384	38050.0
74	236	61337.0
74	212	58730.0
74	198	188756.0
75	384	81528.0
75	113	89585.0
75	403	33830.0
75	416	72700.0
75	295	216217.0
75	392	104775.0
75	193	47050.0
75	91	70515.0
75	172	18665.0
75	367	14550.0
76	354	17803.0
77	277	5301.0
78	212	288584.0
78	198	96715.0
79	374	945.0
79	406	4161.0
79	183	945.0
79	442	28.0
79	90	15922.0
79	302	952.0
80	450	7205.0
81	137	10397.0
81	322	90755.0
81	259	11784.0
81	409	18.0
82	403	68820.0
83	145	77885.0
84	384	150856.0
84	145	43386.0
85	352	67763.0
85	224	205.0
85	322	249709.0
85	259	427835.0
85	452	72600.0
85	198	132912.0
85	492	74586.0
85	331	109737.0
85	460	125370.0
85	303	96640.0
85	208	202614.0
85	499	20349.0
85	212	97440.0
85	137	28651.0
85	409	151062.0
85	319	112203.0
85	190	50005.0
85	377	99449.0
86	465	13438.0
86	245	2660.0
86	182	1504.0
86	231	8600.0
87	384	118702.0
87	145	44923.0
87	259	99188.0
87	212	52700.0
87	236	103879.0
87	198	284942.0
87	280	13561.0
87	217	195608.0
87	303	97090.0
87	460	54025.0
87	319	47387.0
88	384	13423.0
88	352	42974.0
88	261	345.0
88	167	1029.0
88	460	51437.0
88	144	275.0
88	236	5371.0
88	303	59806.0
88	208	178889.0
88	449	65960.0
88	193	84950.0
88	408	28.0
88	409	52750.0
88	90	91010.0
88	124	238409.0
89	212	49611.0
89	198	144231.0
90	256	18126.0
90	384	168352.0
90	259	21760.0
90	261	350.0
90	193	145969.0
90	392	27552.0
90	137	122594.0
90	322	111066.0
90	144	67727.0
90	145	47602.0
90	404	16800.0
90	406	17128.0
90	409	188436.0
90	408	37888.0
90	324	31260.0
90	165	24960.0
90	295	67312.0
90	297	81432.0
90	300	50269.0
90	303	90117.0
90	442	34424.0
90	443	37348.0
90	492	138678.0
90	190	149656.0
90	319	105756.0
90	449	125964.0
90	194	95334.0
90	452	26944.0
90	198	360310.0
90	332	13319.0
90	331	149264.0
90	460	238133.0
90	224	10304.0
90	208	318071.0
90	212	114903.0
90	345	10535.0
90	91	56672.0
90	476	11143.0
90	352	102745.0
90	233	14240.0
90	167	17423.0
90	236	149214.0
90	493	25004.0
90	495	14601.0
90	113	155623.0
90	374	10564.0
90	377	24704.0
90	124	394678.0
91	128	21780.0
91	384	990103.0
91	259	231834.0
91	261	1260.0
91	449	312508.0
91	392	977225.0
91	137	42077.0
91	138	27478.0
91	322	356224.0
91	145	393054.0
91	403	694504.0
91	278	681353.0
91	473	7650.0
91	409	147394.0
91	303	456305.0
91	286	150495.0
91	287	4247.0
91	416	749392.0
91	368	64.0
91	165	21202.0
91	295	2253992.0
91	297	144740.0
91	193	713334.0
91	172	342779.0
91	431	577419.0
91	433	144535.0
91	499	50005.0
91	436	49868.0
91	415	50005.0
91	160	194967.0
91	319	53325.0
91	321	480055.0
91	194	103778.0
91	203	578346.0
91	452	106805.0
91	348	99687.0
91	198	492319.0
91	460	243528.0
91	224	53687.0
91	208	426353.0
91	376	50005.0
91	212	81497.0
91	216	506324.0
91	217	196794.0
91	331	516157.0
91	476	50005.0
91	221	430674.0
91	94	50005.0
91	479	187029.0
91	352	221021.0
91	354	273849.0
91	99	529896.0
91	486	50005.0
91	103	577788.0
91	487	44226.0
91	236	54020.0
91	493	176757.0
91	157	49682.0
91	113	1594065.0
91	123	98500.0
91	372	47264.0
91	190	309244.0
91	413	50005.0
91	377	149819.0
91	379	49794.0
91	124	399514.0
91	443	10938.0
92	384	75555.0
92	449	78582.0
92	392	309435.0
92	363	34366.0
92	488	83192.0
92	295	531798.0
92	200	78474.0
92	299	34966.0
92	140	96921.0
92	221	45260.0
92	99	52976.0
92	113	22728.0
92	403	69084.0
92	278	115.0
92	431	45942.0
93	288	3051.0
93	159	6443.0
94	384	135450.0
94	321	18125.0
94	194	38406.0
94	259	358684.0
94	452	69983.0
94	449	120977.0
94	137	77108.0
94	331	71151.0
94	460	137797.0
94	322	212010.0
94	208	127250.0
94	145	42861.0
94	212	276355.0
94	409	140552.0
94	198	486198.0
94	352	30531.0
94	165	16650.0
94	108	15474.0
94	180	99462.0
94	276	15448.0
94	492	111564.0
94	319	99797.0
95	409	32205.0
95	301	11217.0
96	145	37360.0
97	321	25399.0
97	322	283038.0
97	259	520085.0
97	452	72600.0
97	137	173630.0
97	331	136638.0
97	460	142732.0
97	208	184962.0
97	352	80932.0
97	212	211849.0
97	472	16362.0
97	409	210648.0
97	220	3315.0
97	224	205.0
97	289	183580.0
97	198	274926.0
97	492	94019.0
97	303	137801.0
97	113	99941.0
97	499	20349.0
97	244	21447.0
97	377	97955.0
97	124	86083.0
97	190	50005.0
97	319	244156.0
98	366	11036.0
98	430	11036.0
99	128	10468.0
99	321	102813.0
99	194	107261.0
99	331	43861.0
99	452	47119.0
99	261	360.0
99	449	98447.0
99	433	120034.0
99	203	395598.0
99	208	91552.0
99	145	132244.0
99	384	374428.0
99	403	536298.0
99	431	77.0
99	278	680973.0
99	216	398595.0
99	473	40050.0
99	221	662084.0
99	479	33960.0
99	416	207634.0
99	198	128340.0
99	103	281073.0
99	348	31200.0
99	193	412154.0
99	295	1093303.0
99	172	499137.0
99	303	39091.0
99	113	576715.0
99	124	141656.0
99	190	50005.0
100	124	248047.0
100	261	350.0
100	429	2567.0
101	322	19152.0
102	160	629501.0
102	354	294941.0
102	379	335576.0
102	486	328662.0
102	198	53900.0
102	145	377658.0
102	413	372439.0
102	287	286957.0
102	433	555307.0
102	436	298406.0
102	217	1276157.0
102	123	252063.0
102	157	276585.0
102	415	314848.0
103	384	107328.0
103	193	225553.0
103	145	61304.0
103	392	194063.0
103	348	137209.0
103	295	305959.0
103	172	177169.0
103	431	304525.0
103	208	1488.0
103	113	374424.0
103	466	41670.0
103	403	300481.0
103	124	93408.0
103	416	208917.0
104	292	4909.0
104	316	12877.0
104	185	6300.0
105	416	106020.0
105	241	9920.0
105	107	37350.0
105	132	69430.0
105	261	360.0
105	216	64.0
105	172	128.0
105	267	15552.0
105	124	63600.0
105	403	46494.0
106	208	28526.0
106	449	107429.0
106	198	54250.0
106	193	32625.0
106	425	11220.0
106	124	31654.0
106	495	3650.0
107	416	112253.0
107	241	5720.0
107	403	51051.0
107	132	12856.0
107	267	44795.0
107	124	30200.0
108	322	70638.0
108	212	61611.0
108	198	216469.0
108	137	25.0
108	492	70668.0
108	319	35334.0
109	213	15741.0
110	193	12730.0
111	142	7700.0
112	384	36300.0
112	224	36400.0
112	198	359943.0
112	460	18350.0
112	236	45557.0
112	180	10013.0
112	480	19496.0
112	212	40885.0
112	286	54368.0
112	319	112747.0
113	128	91179.0
113	259	427320.0
113	261	16340.0
113	271	34500.0
113	278	1111717.0
113	473	87150.0
113	286	47730.0
113	287	149308.0
113	295	1567073.0
113	297	288132.0
113	303	406362.0
113	304	68996.0
113	308	12173.0
113	319	142628.0
113	321	260180.0
113	322	279803.0
113	323	73100.0
113	335	31806.0
113	343	16587.0
113	348	101612.0
113	352	209108.0
113	354	935455.0
113	189	43750.0
113	372	114565.0
113	118	62285.0
113	376	50005.0
113	377	147473.0
113	123	598874.0
113	124	659329.0
113	384	869649.0
113	391	46213.0
113	392	566407.0
113	137	97683.0
113	398	29045.0
113	145	529005.0
113	403	758598.0
113	149	49429.0
113	408	86995.0
113	409	180451.0
113	413	143574.0
113	415	49817.0
113	160	313246.0
113	165	105067.0
113	172	521559.0
113	431	533320.0
113	433	369351.0
113	449	654620.0
113	436	152165.0
113	443	40262.0
113	313	12711.0
113	190	414790.0
113	193	962187.0
113	194	119961.0
113	331	365920.0
113	452	63016.0
113	198	617113.0
113	203	508387.0
113	460	174454.0
113	291	43175.0
113	416	701439.0
113	212	88310.0
113	216	887322.0
113	217	263243.0
113	219	56376.0
113	476	50005.0
113	221	553231.0
113	479	457506.0
113	224	54750.0
113	208	464061.0
113	487	173173.0
113	236	54329.0
113	493	212439.0
113	241	83235.0
114	288	7460.0
114	320	10401.0
115	208	34391.0
115	481	1110.0
115	322	67802.0
115	499	2978.0
115	452	42050.0
115	409	80712.0
115	161	740.0
115	376	2257.0
115	169	1054.0
115	283	37.0
115	223	777.0
116	295	30750.0
117	152	8868.0
117	366	1822.0
119	384	206555.0
119	145	86209.0
119	436	22629.0
119	198	136631.0
119	449	43202.0
119	236	64957.0
120	236	1419.0
120	214	32760.0
120	198	43500.0
120	263	1419.0
121	496	7416.0
121	470	34960.0
122	288	6300.0
122	264	4722.0
122	329	2218.0
123	384	376435.0
123	160	178258.0
123	354	246027.0
123	433	181386.0
123	145	163202.0
123	193	36400.0
123	295	212685.0
123	416	54450.0
123	278	49855.0
123	217	165126.0
123	379	47570.0
123	198	101916.0
123	157	49770.0
123	261	1260.0
124	256	58996.0
124	384	510120.0
124	259	237150.0
124	261	8010.0
124	267	80700.0
124	274	54825.0
124	276	18400.0
124	278	247613.0
124	303	596987.0
124	474	238.0
124	287	52082.0
124	294	900.0
124	295	509007.0
124	297	297543.0
124	300	184573.0
124	436	97236.0
124	319	330957.0
124	321	63750.0
124	322	357026.0
124	323	36450.0
124	324	106070.0
124	325	55195.0
124	437	17663.0
124	331	379217.0
124	333	44353.0
124	338	11362.0
124	497	48722.0
124	345	20298.0
124	348	131541.0
124	351	159070.0
124	352	269773.0
124	354	115296.0
124	360	218962.0
124	365	91376.0
124	147	56955.0
124	372	95592.0
124	374	70481.0
124	361	13082.0
124	376	64619.0
124	377	133545.0
124	378	153108.0
124	381	286718.0
124	128	38172.0
124	129	141747.0
124	134	164098.0
124	193	811705.0
124	392	412344.0
124	137	300519.0
124	395	35819.0
124	396	17.0
124	144	72522.0
124	145	394642.0
124	403	551376.0
124	404	113355.0
124	408	191332.0
124	409	291144.0
124	411	35853.0
124	413	52200.0
124	160	86948.0
124	162	16428.0
124	155	11343.0
124	420	198354.0
124	165	125834.0
124	167	144944.0
124	424	116388.0
124	425	13158.0
124	170	3275.0
124	172	283435.0
124	429	18734.0
124	175	46937.0
124	176	170.0
124	433	87700.0
124	180	46455.0
124	286	121667.0
124	184	1980.0
124	442	192245.0
124	443	133253.0
124	492	376629.0
124	190	255329.0
124	449	545923.0
124	194	406249.0
124	452	157946.0
124	198	770395.0
124	458	21534.0
124	460	397390.0
124	207	253632.0
124	208	839657.0
124	416	276947.0
124	212	200651.0
124	216	95248.0
124	218	40780.0
124	476	87709.0
124	221	148318.0
124	479	56572.0
124	224	65857.0
124	232	30644.0
124	233	47507.0
124	491	110096.0
124	236	385889.0
124	493	221771.0
124	238	109482.0
124	495	69472.0
124	241	138806.0
124	499	3300.0
124	468	35224.0
124	252	54522.0
125	416	31140.0
125	193	4816.0
125	255	1833.0
126	384	47719.0
127	409	30248.0
128	384	96298.0
128	193	2850.0
128	198	4620.0
128	145	9825.0
128	392	127150.0
128	295	200736.0
128	172	30480.0
128	403	73318.0
128	416	19550.0
129	416	60600.0
129	193	114657.0
130	409	20729.0
131	303	179986.0
131	166	8823.0
131	422	8996.0
131	201	2375.0
131	143	37494.0
131	493	93842.0
131	319	309.0
132	416	86694.0
132	267	2032.0
132	403	22044.0
132	190	128.0
133	145	99299.0
134	193	36694.0
134	306	6568.0
134	261	350.0
135	228	2992.0
135	245	231.0
135	465	5204.0
136	449	17719.0
137	384	511022.0
137	385	37682.0
137	259	277.0
137	449	281997.0
137	265	24998.0
137	322	221141.0
137	399	42198.0
137	145	290123.0
137	403	43680.0
137	408	20412.0
137	409	314262.0
137	283	39886.0
137	286	369446.0
137	193	49597.0
137	161	34965.0
137	198	723262.0
137	294	24969.0
137	297	45234.0
137	170	36217.0
137	300	4352.0
137	303	179910.0
137	436	60967.0
137	236	150927.0
137	180	21300.0
137	443	145082.0
137	492	1551020.0
137	190	59332.0
137	447	29540.0
137	321	115068.0
137	194	723164.0
137	196	155.0
137	325	53335.0
137	326	33143.0
137	331	210850.0
137	460	265789.0
137	224	98269.0
137	208	344723.0
137	480	70404.0
137	212	448724.0
137	342	48950.0
137	472	2775.0
137	476	25955.0
137	165	172436.0
137	352	109164.0
137	233	34346.0
137	493	45350.0
137	499	41366.0
137	244	2775.0
137	376	35631.0
137	377	24592.0
137	319	150060.0
137	469	26099.0
139	193	49266.0
140	193	564.0
140	392	128310.0
140	363	5550.0
140	295	203345.0
140	488	18633.0
140	299	1554.0
140	431	25792.0
141	198	262594.0
141	331	2000.0
141	460	11146.0
141	173	1507.0
141	319	5951.0
143	481	34340.0
143	422	17646.0
143	166	53716.0
143	259	55187.0
143	201	779.0
143	330	86.0
143	331	6401.0
143	286	3979.0
144	208	63971.0
144	406	19.0
144	460	84309.0
144	442	85.0
145	384	844453.0
145	259	299402.0
145	261	1440.0
145	268	72785.0
145	276	5400.0
145	278	288405.0
145	280	40413.0
145	431	146547.0
145	286	406062.0
145	287	174781.0
145	295	583558.0
145	297	95086.0
145	452	208266.0
145	308	15450.0
145	350	52159.0
145	436	581952.0
145	314	2328.0
145	319	356969.0
145	321	36304.0
145	323	44318.0
145	326	29500.0
145	331	575638.0
145	352	302787.0
145	480	104323.0
145	342	46537.0
145	354	204812.0
145	486	66048.0
145	360	22007.0
145	361	1612.0
145	372	94665.0
145	377	117096.0
145	379	69095.0
145	385	30275.0
145	390	178259.0
145	193	717024.0
145	392	375315.0
145	322	344617.0
145	399	43693.0
145	403	296094.0
145	404	76199.0
145	149	14300.0
145	408	15819.0
145	409	247024.0
145	157	85465.0
145	415	68191.0
145	160	494294.0
145	418	82224.0
145	165	139356.0
145	170	34255.0
145	172	119920.0
145	413	192621.0
145	433	478427.0
145	180	125794.0
145	184	81633.0
145	444	87374.0
145	492	386827.0
145	190	171072.0
145	447	6142.0
145	449	261323.0
145	194	217410.0
145	196	124111.0
145	198	652386.0
145	458	21041.0
145	460	132244.0
145	162	19848.0
145	208	439106.0
145	416	219263.0
145	212	230277.0
145	469	33698.0
145	214	138858.0
145	216	97904.0
145	476	84509.0
145	221	174152.0
145	479	111235.0
145	224	289095.0
145	482	25732.0
145	230	53753.0
145	233	25789.0
145	236	259680.0
145	493	153683.0
145	494	243326.0
146	290	6363.0
146	285	11223.0
147	208	253461.0
147	409	12578.0
148	449	18629.0
149	384	14362.0
149	193	75605.0
149	354	7392.0
151	360	58603.0
151	459	41953.0
152	226	15099.0
152	388	15660.0
152	465	43100.0
152	328	5943.0
152	366	2997.0
152	360	82629.0
152	430	7591.0
152	248	2946.0
152	281	9244.0
152	318	12351.0
153	409	18525.0
154	465	13462.0
154	275	7405.0
155	183	11343.0
156	449	17793.0
157	384	125465.0
157	354	68632.0
157	261	900.0
157	433	81893.0
157	217	88580.0
158	236	24330.0
159	288	9101.0
160	384	716495.0
160	449	237891.0
160	259	50005.0
160	261	3240.0
160	198	349165.0
160	193	123121.0
160	331	40831.0
160	460	113684.0
160	208	22816.0
160	278	49868.0
160	217	534495.0
160	165	49868.0
160	416	109900.0
160	433	19456.0
160	295	50922.0
160	236	80532.0
160	184	92532.0
160	377	50005.0
160	190	55272.0
160	319	50005.0
161	321	141083.0
161	194	51321.0
161	259	36718.0
161	452	47777.0
161	325	1491.0
161	331	66347.0
161	460	105839.0
161	322	204860.0
161	499	20636.0
161	208	140112.0
161	212	99530.0
161	409	181724.0
161	283	52259.0
161	223	462.0
161	352	52180.0
161	198	108867.0
161	169	1517.0
161	492	94143.0
161	376	1949.0
161	443	14288.0
162	384	21472.0
162	193	81517.0
162	331	4520.0
163	409	5712.0
163	181	67466.0
164	403	56933.0
164	227	43666.0
165	384	385831.0
165	321	63691.0
165	194	233048.0
165	259	268013.0
165	452	125596.0
165	325	9046.0
165	385	16150.0
165	331	267743.0
165	322	294233.0
165	224	105860.0
165	399	9125.0
165	208	159912.0
165	212	396229.0
165	469	11200.0
165	352	63128.0
165	409	178849.0
165	433	49799.0
165	198	781815.0
165	423	4816.0
165	236	90522.0
165	460	230222.0
165	303	145973.0
165	449	173197.0
165	180	22784.0
165	286	143704.0
165	377	235762.0
165	443	41699.0
165	492	363816.0
165	190	50005.0
165	319	182792.0
166	181	7448.0
166	279	2698.0
166	472	2726.0
166	259	1254.0
166	330	23009.0
167	468	22.0
167	261	350.0
168	208	36074.0
168	322	55685.0
168	452	42021.0
168	409	90465.0
168	410	4913.0
169	208	48741.0
169	194	2571.0
169	409	85825.0
169	322	46437.0
169	223	18.0
170	352	22271.0
170	384	76427.0
170	322	19009.0
170	259	2581.0
170	452	49123.0
170	198	307547.0
170	449	10544.0
170	331	31442.0
170	460	135694.0
170	208	86802.0
170	212	134817.0
170	236	81764.0
170	409	45196.0
171	352	1054.0
171	208	131766.0
171	384	35049.0
171	198	59720.0
171	449	24550.0
171	409	71373.0
171	460	100643.0
171	493	3604.0
172	384	326312.0
172	261	14400.0
172	193	514694.0
172	392	634060.0
172	403	612868.0
172	278	199303.0
172	416	432861.0
172	291	103563.0
172	295	473715.0
172	431	505394.0
172	311	131993.0
172	190	50005.0
172	449	144259.0
172	452	50841.0
172	453	53520.0
172	198	197325.0
172	203	144716.0
172	460	208331.0
172	462	16707.0
172	208	97620.0
172	216	144573.0
172	331	61415.0
172	348	249598.0
172	221	136806.0
172	479	16225.0
172	354	50005.0
172	360	85387.0
172	239	53280.0
172	368	24642.0
172	247	24642.0
172	241	319253.0
173	460	5200.0
173	198	261300.0
173	319	12177.0
174	371	1408.0
174	178	6645.0
174	475	8053.0
175	449	14687.0
176	208	750.0
176	384	97919.0
176	261	170.0
176	449	271651.0
176	236	68660.0
176	193	56300.0
176	190	22667.0
177	212	141616.0
177	198	112068.0
178	371	4225.0
178	360	4970.0
178	329	1548.0
178	475	1951.0
178	366	1548.0
179	193	36119.0
179	354	500.0
180	384	270516.0
180	449	146316.0
180	322	185434.0
180	259	148586.0
180	452	72600.0
180	455	2035.0
180	331	108656.0
180	460	133261.0
180	208	121021.0
180	212	312202.0
180	352	100.0
180	198	860593.0
180	224	317380.0
180	289	50005.0
180	236	70121.0
180	493	47779.0
180	436	49847.0
180	286	108921.0
180	377	144093.0
180	492	50950.0
180	319	6900.0
181	322	43866.0
181	244	425.0
181	325	11187.0
181	279	152.0
181	472	3037.0
181	331	931.0
181	492	13232.0
182	465	6094.0
184	384	1080.0
184	261	1080.0
184	433	44552.0
184	217	382907.0
185	292	1476.0
185	316	9414.0
186	416	69750.0
186	403	20457.0
186	261	360.0
186	491	44187.0
187	295	61830.0
188	285	31394.0
189	392	92790.0
189	295	149420.0
190	384	545485.0
190	259	148828.0
190	193	560038.0
190	392	37935.0
190	322	125526.0
190	493	78990.0
190	403	59401.0
190	404	1176.0
190	278	50005.0
190	407	2479.0
190	408	40761.0
190	409	167271.0
190	431	99736.0
190	413	137389.0
190	287	258081.0
190	295	296158.0
190	297	54074.0
190	303	814070.0
190	433	65178.0
190	436	79120.0
190	415	10773.0
190	492	156990.0
190	319	146040.0
190	449	740914.0
190	194	24906.0
190	323	22629.0
190	452	36048.0
190	198	577310.0
190	454	6160.0
190	331	81572.0
190	460	200633.0
190	224	19720.0
190	208	173366.0
190	416	247177.0
190	212	187209.0
190	217	24378.0
190	221	152.0
190	478	18506.0
190	352	64684.0
190	354	144605.0
190	229	29478.0
190	236	128717.0
190	365	2147.0
190	372	51780.0
190	377	184999.0
190	378	17537.0
191	285	25954.0
191	310	4513.0
192	401	12103.0
192	194	12635.0
193	384	1150527.0
193	259	382622.0
193	261	20700.0
193	267	57390.0
193	431	254322.0
193	284	17090.0
193	286	221005.0
193	287	208921.0
193	416	764241.0
193	293	22030.0
193	295	1167244.0
193	297	377760.0
193	303	400471.0
193	305	18563.0
193	307	11723.0
193	308	68365.0
193	314	49218.0
193	319	263428.0
193	321	59473.0
193	322	335563.0
193	323	141992.0
193	348	233275.0
193	352	173607.0
193	353	13479.0
193	354	396850.0
193	358	7448.0
193	360	19944.0
193	361	92013.0
193	365	64634.0
193	368	34575.0
193	372	312017.0
193	377	36300.0
193	378	60572.0
193	381	49255.0
193	383	10649.0
193	278	505547.0
193	391	85136.0
193	392	962589.0
193	402	18667.0
193	403	842435.0
193	404	9362.0
193	407	12730.0
193	408	133560.0
193	409	183357.0
193	495	36050.0
193	282	17575.0
193	414	17765.0
193	413	135395.0
193	433	237593.0
193	436	242767.0
193	443	1638.0
193	492	466112.0
193	449	532371.0
193	194	359013.0
193	331	445015.0
193	452	558045.0
193	198	809574.0
193	456	17565.0
193	458	70930.0
193	203	87248.0
193	460	229758.0
193	207	91125.0
193	208	398335.0
193	291	36930.0
193	212	153514.0
193	471	17632.0
193	216	232171.0
193	473	69400.0
193	474	11789.0
193	221	305022.0
193	479	166729.0
193	224	114656.0
193	483	21992.0
193	486	24614.0
193	491	71208.0
193	236	133549.0
193	493	209161.0
193	241	145142.0
193	249	59085.0
193	255	21717.0
194	384	626658.0
194	259	431591.0
194	399	36450.0
194	403	74629.0
194	276	83967.0
194	278	45606.0
194	409	399832.0
194	283	62550.0
194	286	371132.0
194	416	177981.0
194	198	913102.0
194	294	124527.0
194	295	521081.0
194	427	32392.0
194	303	181792.0
194	392	467178.0
194	449	249551.0
194	222	18525.0
194	265	65655.0
194	223	7881.0
194	492	1638087.0
194	319	390192.0
194	321	282659.0
194	322	833627.0
194	452	334092.0
194	325	67204.0
194	326	3392.0
194	289	54180.0
194	454	4750.0
194	331	553858.0
194	460	325867.0
194	224	221557.0
194	208	409782.0
194	212	480121.0
194	480	121026.0
194	377	24605.0
194	472	25110.0
194	220	16775.0
194	352	137081.0
194	481	21756.0
194	401	21280.0
194	491	77.0
194	236	81493.0
194	493	49850.0
194	499	28929.0
194	244	50181.0
194	376	69325.0
194	404	101714.0
195	360	16187.0
196	384	134413.0
196	212	52200.0
196	198	190185.0
196	236	94210.0
197	208	87849.0
197	198	104490.0
197	409	74748.0
197	460	129492.0
197	493	289.0
197	303	27659.0
198	256	163399.0
198	259	886030.0
198	257	72523.0
198	492	1216421.0
198	452	1033195.0
198	384	1510808.0
198	276	378133.0
198	278	380118.0
198	280	70972.0
198	283	176752.0
198	286	1039108.0
198	287	157585.0
198	416	575474.0
198	289	62370.0
198	347	175425.0
198	294	103305.0
198	295	679619.0
198	297	124264.0
198	298	57945.0
198	436	856502.0
198	300	67375.0
198	376	372300.0
198	309	117606.0
198	393	48500.0
198	319	1520415.0
198	321	199964.0
198	323	138079.0
198	326	279330.0
198	331	1107213.0
198	339	247564.0
198	342	300258.0
198	352	336769.0
198	354	110902.0
198	350	328311.0
198	360	22700.0
198	361	1080.0
198	372	129111.0
198	377	514446.0
198	362	12810.0
198	385	367113.0
198	387	34400.0
198	390	36375.0
198	449	560866.0
198	392	419356.0
198	394	36500.0
198	399	547157.0
198	403	336710.0
198	404	680280.0
198	408	54400.0
198	409	670403.0
198	413	202476.0
198	415	246739.0
198	480	558990.0
198	423	171783.0
198	425	115098.0
198	431	109821.0
198	434	159108.0
198	364	9350.0
198	443	441099.0
198	325	54400.0
198	330	15175.0
198	447	83085.0
198	454	202436.0
198	460	503145.0
198	458	19440.0
198	322	1069691.0
198	463	43267.0
198	208	732851.0
198	433	325839.0
198	211	220192.0
198	212	659832.0
198	469	321661.0
198	303	555804.0
198	215	72020.0
198	216	103140.0
198	217	502806.0
198	476	346938.0
198	221	191160.0
198	479	115095.0
198	224	1195101.0
198	481	68150.0
198	482	215841.0
198	484	52110.0
198	232	54600.0
198	233	426824.0
198	236	693453.0
198	493	355688.0
198	495	116070.0
198	240	139524.0
198	242	83020.0
198	499	164951.0
198	251	361559.0
198	341	32400.0
199	409	11485.0
199	498	14829.0
199	452	2850.0
200	392	82402.0
200	295	110834.0
201	224	288.0
201	362	10323.0
201	286	2546.0
202	409	27844.0
202	234	10098.0
203	384	152220.0
203	403	187410.0
203	392	284011.0
203	431	633282.0
204	384	96781.0
205	226	16664.0
206	280	808.0
206	236	27590.0
207	449	78825.0
208	256	229392.0
208	257	54916.0
208	259	383484.0
208	265	54150.0
208	266	21947.0
208	276	119998.0
208	278	119943.0
208	279	37272.0
208	283	131932.0
208	286	211861.0
208	480	139022.0
208	294	67502.0
208	295	464499.0
208	297	34550.0
208	436	110368.0
208	300	344035.0
208	302	48849.0
208	319	546171.0
208	321	90075.0
208	324	50889.0
208	325	100529.0
208	454	69810.0
208	331	556990.0
208	332	51578.0
208	269	46206.0
208	339	73324.0
208	352	299579.0
208	360	40158.0
208	403	309816.0
208	374	234181.0
208	376	184929.0
208	377	360973.0
208	378	28175.0
208	384	462564.0
208	385	52850.0
208	392	231138.0
208	322	505613.0
208	399	118324.0
208	404	266127.0
208	406	48212.0
208	408	56301.0
208	409	290131.0
208	410	4947.0
208	415	31825.0
208	431	58656.0
208	442	157109.0
208	443	180314.0
208	492	653200.0
208	447	39814.0
208	449	696194.0
208	452	228633.0
208	458	1940.0
208	460	354825.0
208	212	337394.0
208	469	93675.0
208	303	635516.0
208	218	176681.0
208	476	145387.0
208	221	53586.0
208	224	286712.0
208	481	103815.0
208	482	112664.0
208	232	153332.0
208	233	146040.0
208	491	4696.0
208	236	380012.0
208	493	320517.0
208	495	35448.0
208	242	46342.0
208	499	149554.0
208	425	40922.0
208	251	35772.0
209	360	40746.0
211	385	90.0
211	212	54975.0
212	259	512340.0
212	276	331887.0
212	278	84569.0
212	283	95148.0
212	286	280020.0
212	295	232171.0
212	350	52100.0
212	393	19665.0
212	319	451038.0
212	224	350785.0
212	326	159700.0
212	454	312135.0
212	331	458378.0
212	339	19879.0
212	341	30267.0
212	342	86050.0
212	347	112626.0
212	352	227424.0
212	364	6764.0
212	376	138389.0
212	377	219623.0
212	384	384590.0
212	385	313351.0
212	392	177954.0
212	322	513482.0
212	399	334485.0
212	403	98745.0
212	404	262796.0
212	409	485238.0
212	415	53500.0
212	419	64173.0
212	423	206221.0
212	434	106294.0
212	435	17480.0
212	436	227546.0
212	443	227408.0
212	492	497031.0
212	447	69970.0
212	449	346463.0
212	452	222063.0
212	455	118566.0
212	460	165137.0
212	463	87302.0
212	469	148369.0
212	303	107750.0
212	476	118540.0
212	480	282198.0
212	481	45621.0
212	482	52943.0
212	484	80107.0
212	233	98398.0
212	236	255570.0
212	493	231184.0
212	240	37333.0
212	242	128163.0
212	499	97507.0
212	251	100818.0
213	384	15741.0
214	384	48230.0
214	236	44529.0
216	384	361833.0
216	449	63538.0
216	295	84330.0
216	321	59049.0
216	431	610776.0
216	221	52.0
216	403	202752.0
216	377	50005.0
216	416	167321.0
217	384	230511.0
217	449	396124.0
217	259	100010.0
217	460	54780.0
217	431	5206.0
217	278	1225.0
217	413	170892.0
217	415	49697.0
217	354	99837.0
217	390	243766.0
217	295	52746.0
217	492	94363.0
217	303	98008.0
217	287	168755.0
217	433	526180.0
217	436	904306.0
217	319	51413.0
217	377	324653.0
218	460	67400.0
218	409	40455.0
219	295	43560.0
220	472	14721.0
220	492	13005.0
220	244	119131.0
221	384	514862.0
221	449	185280.0
221	392	475394.0
221	331	106082.0
221	403	365069.0
221	278	152.0
221	409	89060.0
221	416	226358.0
221	295	86016.0
221	431	589774.0
222	270	5567.0
223	409	77030.0
223	492	53576.0
223	322	30172.0
224	384	455469.0
224	259	226694.0
224	321	773172.0
224	322	402799.0
224	279	106080.0
224	409	210216.0
224	286	503.0
224	289	144399.0
224	454	10296.0
224	295	123024.0
224	303	286200.0
224	449	211881.0
224	436	99804.0
224	443	124832.0
224	492	671815.0
224	319	419327.0
224	452	118260.0
224	331	514427.0
224	460	176061.0
224	352	101038.0
224	362	40237.0
224	236	44671.0
224	493	62568.0
224	377	50005.0
224	251	15255.0
225	295	51885.0
226	248	1565.0
227	348	50283.0
227	403	47316.0
228	465	6222.0
228	231	855.0
230	384	58254.0
231	465	5338.0
231	245	10267.0
232	449	73548.0
232	409	81973.0
232	460	111912.0
232	303	73695.0
233	384	80429.0
233	449	120456.0
233	322	34809.0
233	452	54929.0
233	331	28969.0
233	460	125958.0
233	409	152889.0
233	476	85.0
233	352	49001.0
233	492	42541.0
233	493	1075.0
233	303	76874.0
233	319	848.0
234	409	14335.0
234	460	18250.0
235	403	380.0
235	470	8152.0
236	384	361758.0
236	257	41035.0
236	342	91639.0
236	392	67363.0
236	452	6678.0
236	322	90700.0
236	403	86978.0
236	404	1400.0
236	278	1776.0
236	409	50300.0
236	280	41671.0
236	415	130911.0
236	347	56220.0
236	295	180289.0
236	297	48499.0
236	436	138020.0
236	300	34669.0
236	434	30782.0
236	286	56434.0
236	439	16329.0
236	287	129338.0
236	319	173476.0
236	323	54500.0
236	331	137534.0
236	460	175480.0
236	482	30037.0
236	397	41695.0
236	352	83136.0
236	480	6860.0
236	469	60425.0
236	413	71572.0
236	476	101336.0
236	433	72600.0
236	350	64825.0
236	263	21453.0
236	408	39648.0
236	355	41292.0
236	359	44458.0
236	492	164486.0
236	493	137973.0
236	495	16966.0
236	377	121252.0
236	449	168487.0
237	360	61498.0
237	386	17611.0
238	261	170.0
241	416	244705.0
241	452	77.0
241	261	720.0
241	431	49922.0
241	403	924403.0
241	348	181944.0
241	382	5800.0
242	322	39326.0
242	409	86868.0
242	460	61527.0
242	492	5236.0
242	452	42108.0
242	463	74.0
244	331	11646.0
244	441	17428.0
244	472	11072.0
244	322	2775.0
244	492	29661.0
244	499	361.0
245	465	13158.0
246	403	20286.0
246	405	50301.0
246	285	121164.0
247	368	24642.0
248	281	10809.0
248	388	2750.0
248	328	3079.0
249	416	50830.0
249	483	2584.0
250	354	15637.0
251	303	52596.0
251	331	51611.0
251	460	56370.0
251	493	46040.0
251	286	14791.0
251	352	9028.0
252	274	1853.0
252	317	12410.0
252	429	12886.0
253	409	48416.0
253	259	12635.0
254	384	72508.0
254	261	870.0
256	300	7942.0
256	332	817.0
256	303	27285.0
256	460	52304.0
256	319	4446.0
257	449	44718.0
257	409	41470.0
257	460	95052.0
258	395	35819.0
259	384	335243.0
259	415	50005.0
259	321	79634.0
259	392	130848.0
259	322	261207.0
259	403	14033.0
259	404	59346.0
259	352	465098.0
259	279	15618.0
259	409	345836.0
259	283	100545.0
259	286	169444.0
259	287	1233.0
259	326	3256.0
259	295	169254.0
259	436	51139.0
259	303	372490.0
259	433	50005.0
259	449	418870.0
259	399	38595.0
259	443	366982.0
259	377	423170.0
259	480	132369.0
259	325	22993.0
259	289	375997.0
259	331	94901.0
259	460	251959.0
259	416	50005.0
259	472	1140.0
259	476	229132.0
259	354	50005.0
259	492	101731.0
259	493	142000.0
259	499	334723.0
259	447	19038.0
259	376	331349.0
259	276	28550.0
259	319	355549.0
260	409	25937.0
260	301	600.0
261	384	1530.0
261	392	2880.0
261	271	540.0
261	403	5490.0
261	278	1620.0
261	408	340.0
261	412	900.0
261	291	720.0
261	420	350.0
261	297	350.0
261	327	810.0
261	448	540.0
261	333	170.0
261	416	180.0
261	348	720.0
261	477	1260.0
261	351	350.0
261	354	540.0
261	486	720.0
261	368	720.0
261	378	350.0
261	379	900.0
261	381	350.0
262	384	81277.0
264	288	9792.0
264	329	11229.0
265	352	16331.0
265	321	118260.0
265	322	162819.0
265	452	72600.0
265	331	66745.0
265	460	48147.0
265	499	17100.0
265	409	77029.0
265	492	60698.0
266	449	1529.0
267	416	149510.0
267	403	74622.0
267	348	2720.0
268	384	74052.0
269	425	11084.0
269	449	66238.0
270	322	5415.0
270	499	190.0
270	492	17898.0
271	403	540.0
272	392	43530.0
273	285	5472.0
273	310	41437.0
274	396	24803.0
274	333	935.0
275	432	4880.0
275	465	6496.0
276	352	43486.0
276	384	135901.0
276	452	48103.0
276	449	95080.0
276	492	143860.0
276	331	103857.0
276	460	172445.0
276	322	216903.0
276	409	129221.0
277	409	17537.0
278	384	581157.0
278	452	120921.0
278	321	119165.0
278	392	485267.0
278	331	156229.0
278	460	132596.0
278	322	99293.0
278	433	49936.0
278	403	399996.0
278	303	84529.0
278	409	156785.0
278	348	13750.0
278	479	151830.0
278	416	259808.0
278	354	191215.0
278	295	568655.0
278	431	692869.0
278	449	206148.0
278	436	50005.0
278	377	99736.0
279	480	24480.0
279	322	18563.0
279	325	190.0
279	454	36720.0
279	460	13525.0
279	404	57900.0
279	472	171.0
279	319	104880.0
280	384	56466.0
280	342	6816.0
283	321	242352.0
283	452	54235.0
283	325	14506.0
283	331	74039.0
283	460	54650.0
283	322	224699.0
283	499	30860.0
283	409	173141.0
283	352	39972.0
283	492	117633.0
283	376	1424.0
283	443	21201.0
283	319	23985.0
285	403	172915.0
285	310	45916.0
285	360	146548.0
285	405	62712.0
285	459	41953.0
285	290	41854.0
286	384	607010.0
286	452	239070.0
286	321	444285.0
286	392	275364.0
286	458	5104.0
286	331	491286.0
286	460	98293.0
286	322	360217.0
286	403	6369.0
286	352	88808.0
286	377	47085.0
286	409	144433.0
286	404	117023.0
286	443	62634.0
286	295	434609.0
286	362	245818.0
286	303	129654.0
286	449	204270.0
286	436	156408.0
286	492	468802.0
286	319	540934.0
287	384	328599.0
287	449	360783.0
287	331	5025.0
287	460	64200.0
287	413	73094.0
287	416	120264.0
287	354	10080.0
287	372	8768.0
287	377	1392.0
288	320	3161.0
288	329	1871.0
288	360	166299.0
288	371	1878.0
288	475	6102.0
289	460	55200.0
289	322	82909.0
289	303	149604.0
289	352	28661.0
289	499	38668.0
289	480	50005.0
289	377	96996.0
289	319	95283.0
290	485	41629.0
291	403	76956.0
291	295	32075.0
291	392	153764.0
292	432	4734.0
292	316	6142.0
293	483	3106.0
294	352	9259.0
294	452	65650.0
294	331	69782.0
294	460	108196.0
294	322	176284.0
294	499	20349.0
294	409	100080.0
294	492	113511.0
295	384	1036428.0
295	360	43372.0
295	321	1404735.0
295	392	1326899.0
295	322	391244.0
295	403	1007655.0
295	473	224157.0
295	409	248582.0
295	303	427379.0
295	413	31734.0
295	348	37575.0
295	431	1223330.0
295	304	61830.0
295	433	144175.0
295	436	157601.0
295	372	133856.0
295	319	280430.0
295	331	696785.0
295	452	666421.0
295	458	1232.0
295	460	285773.0
295	461	33510.0
295	335	155578.0
295	352	152702.0
295	416	808519.0
295	398	61830.0
295	479	313603.0
295	354	317096.0
295	367	5760.0
295	449	464999.0
295	491	100.0
295	493	79777.0
295	446	1122.0
295	377	196004.0
296	354	13205.0
296	357	1596.0
297	384	150528.0
297	331	14831.0
297	460	75680.0
297	303	284007.0
297	449	295518.0
297	416	54600.0
297	319	5964.0
297	409	8700.0
299	488	3996.0
299	363	26875.0
300	352	60155.0
300	449	43696.0
300	331	20214.0
300	460	138537.0
300	303	80048.0
300	384	49063.0
300	409	90350.0
301	409	27006.0
303	384	386524.0
303	449	604721.0
303	392	256800.0
303	322	200700.0
303	482	16439.0
303	404	147414.0
303	408	60860.0
303	409	66550.0
303	415	49697.0
303	431	110353.0
303	439	43226.0
303	443	96714.0
303	319	432481.0
303	323	55516.0
303	331	379166.0
303	460	54390.0
303	476	270911.0
303	352	421243.0
303	354	50005.0
303	492	445515.0
303	493	385093.0
303	495	34969.0
303	403	203230.0
303	376	27240.0
303	377	363153.0
303	378	18207.0
304	392	29190.0
305	451	9547.0
306	353	13479.0
307	343	6821.0
308	384	12528.0
308	331	2015.0
311	392	32670.0
311	403	44141.0
312	403	51837.0
314	384	16016.0
314	377	176.0
315	360	158238.0
317	351	12410.0
318	328	3130.0
319	384	633071.0
319	342	1400.0
319	449	515223.0
319	392	64520.0
319	399	54725.0
319	404	59780.0
319	452	376202.0
319	409	374340.0
319	416	147098.0
319	480	78165.0
319	436	287944.0
319	321	636943.0
319	433	49682.0
319	443	267198.0
319	492	502466.0
319	460	295414.0
319	331	645521.0
319	322	645024.0
319	352	155973.0
319	339	26463.0
319	476	104773.0
319	354	99873.0
319	362	46682.0
319	493	263734.0
319	499	100010.0
319	425	936.0
319	376	50264.0
319	377	246359.0
321	384	149140.0
321	449	119905.0
321	392	989760.0
321	322	19900.0
321	403	262232.0
321	404	147420.0
321	409	51366.0
321	416	285744.0
321	431	341970.0
321	436	76140.0
321	443	34085.0
321	452	198654.0
321	460	148618.0
321	352	53449.0
321	480	313435.0
321	487	289402.0
321	360	164051.0
321	499	42245.0
321	376	281394.0
322	325	79071.0
322	326	43460.0
322	330	38145.0
322	331	2116.0
322	341	11492.0
322	344	12891.0
322	352	161917.0
322	373	54945.0
322	376	237841.0
322	377	101315.0
322	384	546737.0
322	385	22837.0
322	387	109036.0
322	449	352404.0
322	392	344794.0
322	394	51837.0
322	399	129877.0
322	403	127966.0
322	404	76367.0
322	409	611065.0
322	416	110970.0
322	436	98929.0
322	443	321101.0
322	447	29560.0
322	452	130975.0
322	460	335393.0
322	463	38199.0
322	469	45059.0
322	472	2775.0
322	476	39828.0
322	480	136952.0
322	481	84508.0
322	482	10266.0
322	492	163021.0
322	493	177853.0
322	499	235190.0
323	384	249523.0
323	460	35975.0
323	449	190831.0
324	406	9.0
324	442	5301.0
325	352	43520.0
325	452	49806.0
325	331	2275.0
325	460	54500.0
325	376	788.0
325	499	20539.0
325	472	2736.0
325	409	80889.0
326	384	54200.0
326	452	72600.0
326	331	30991.0
326	460	96703.0
326	469	450.0
326	409	27869.0
326	492	23404.0
327	403	105129.0
328	388	6961.0
329	360	18202.0
330	481	34340.0
331	384	519661.0
331	385	37450.0
331	449	334742.0
331	392	511650.0
331	452	213045.0
331	403	322077.0
331	431	33712.0
331	408	11518.0
331	409	373629.0
331	436	167282.0
331	480	342146.0
331	433	65578.0
331	399	65505.0
331	443	77639.0
331	416	141797.0
331	454	34772.0
331	460	318808.0
331	458	22977.0
331	352	251736.0
331	377	84769.0
331	472	1862.0
331	476	45133.0
331	482	5309.0
331	360	15372.0
331	423	28979.0
331	493	114950.0
331	499	63597.0
331	376	123781.0
331	404	136471.0
331	469	50255.0
333	429	9571.0
334	384	78863.0
335	392	52305.0
336	499	17290.0
339	409	121790.0
339	410	12070.0
339	460	91685.0
341	409	52388.0
342	384	151781.0
342	460	69150.0
344	409	55988.0
345	497	32674.0
347	460	88427.0
348	384	28315.0
348	392	91019.0
348	448	32944.0
348	416	381242.0
348	431	50005.0
348	403	308040.0
348	446	629.0
349	405	17800.0
350	384	54450.0
352	384	198239.0
352	409	67394.0
352	392	85344.0
352	449	458750.0
352	499	56110.0
352	436	35663.0
352	443	93635.0
352	492	248550.0
352	452	93775.0
352	460	276138.0
352	480	16020.0
352	377	246626.0
352	476	59654.0
352	482	28721.0
352	454	1050.0
352	493	76936.0
352	481	33627.0
352	447	31746.0
352	376	74350.0
352	404	88433.0
352	469	22453.0
354	384	368022.0
354	357	29108.0
354	449	258465.0
354	486	90483.0
354	479	124040.0
354	416	160560.0
354	379	87168.0
354	431	97027.0
354	460	111443.0
354	372	25758.0
354	438	13926.0
354	403	49862.0
358	383	10649.0
359	384	94826.0
359	449	5800.0
360	384	16720.0
360	386	66518.0
360	428	86205.0
360	403	968027.0
360	465	81720.0
360	416	172164.0
360	366	8229.0
360	449	32752.0
360	380	141266.0
360	392	27840.0
360	371	3756.0
361	384	37840.0
361	416	118317.0
362	404	9162.0
364	409	9300.0
365	449	96704.0
366	430	2188.0
368	416	147049.0
368	403	130901.0
369	416	29895.0
372	384	296048.0
372	460	54995.0
372	449	116048.0
372	416	90550.0
372	413	11840.0
374	409	34126.0
374	460	64991.0
375	392	40020.0
376	384	25477.0
376	452	55338.0
376	460	56715.0
376	499	74906.0
376	409	199988.0
376	492	173282.0
376	443	34650.0
377	384	355559.0
377	415	10545.0
377	449	161831.0
377	403	50005.0
377	409	128437.0
377	431	49945.0
377	413	22976.0
377	480	63020.0
377	436	143310.0
377	433	96220.0
377	434	16872.0
377	443	95626.0
377	492	134831.0
377	452	45050.0
377	460	137078.0
377	493	25653.0
378	384	53734.0
378	409	8300.0
378	460	69302.0
378	449	156198.0
379	384	174205.0
379	433	93839.0
380	386	256.0
382	403	15800.0
384	436	415633.0
384	452	399547.0
384	480	211253.0
384	486	165830.0
384	385	54300.0
384	390	162604.0
384	449	554888.0
384	392	747571.0
384	399	118144.0
384	403	606243.0
384	404	23091.0
384	408	94308.0
384	409	309998.0
384	412	90464.0
384	415	318843.0
384	413	346586.0
384	433	706257.0
384	443	181978.0
384	444	13039.0
384	492	818075.0
384	460	390557.0
384	458	50336.0
384	416	450081.0
384	476	137075.0
384	479	378239.0
384	464	94129.0
384	487	180817.0
384	431	295186.0
384	493	274821.0
384	494	101161.0
384	426	7086.0
384	469	55148.0
385	452	72600.0
385	460	51993.0
385	409	25679.0
385	492	58058.0
387	409	160832.0
387	460	54375.0
389	409	18401.0
391	416	72670.0
392	449	265098.0
392	403	932316.0
392	409	208972.0
392	416	426670.0
392	436	50553.0
392	452	505423.0
392	458	17600.0
392	460	176622.0
392	476	163.0
392	462	72855.0
392	473	102805.0
392	479	1008.0
393	409	44458.0
394	460	54750.0
394	452	42050.0
397	449	18582.0
399	452	42276.0
399	454	725.0
399	460	124510.0
399	409	120387.0
399	492	139805.0
400	405	18341.0
400	417	20392.0
403	448	540.0
403	405	173134.0
403	409	170555.0
403	431	681335.0
403	491	45837.0
403	416	519705.0
403	449	293815.0
403	452	240899.0
403	460	153558.0
403	487	12175.0
403	479	100249.0
403	445	51985.0
403	446	34716.0
403	477	107999.0
404	452	928.0
404	492	40452.0
404	460	89584.0
404	409	56819.0
404	493	110821.0
404	449	127188.0
405	485	41629.0
405	417	14259.0
406	411	43741.0
408	460	88150.0
408	449	205611.0
408	416	33775.0
409	481	156798.0
409	421	22486.0
409	449	234287.0
409	415	29350.0
409	480	108150.0
409	498	6697.0
409	434	40693.0
409	436	90916.0
409	443	257629.0
409	492	400879.0
409	447	98938.0
409	452	138602.0
409	457	30875.0
409	460	221585.0
409	463	76528.0
409	469	61470.0
409	476	134557.0
409	482	70034.0
409	493	232432.0
409	499	187597.0
413	460	54400.0
413	449	418107.0
413	416	72288.0
415	460	53500.0
415	436	22287.0
415	449	396160.0
416	491	150045.0
416	431	243728.0
416	433	48331.0
416	449	245249.0
416	448	54240.0
416	452	154976.0
416	460	364787.0
416	466	63420.0
416	487	13365.0
416	473	36500.0
416	479	72900.0
416	446	106680.0
423	460	68620.0
423	469	5719.0
424	449	7760.0
425	449	103434.0
431	452	145251.0
431	462	260.0
431	487	132192.0
431	436	49868.0
432	465	15062.0
433	452	20416.0
433	449	165130.0
433	460	103540.0
434	460	82480.0
436	452	82414.0
436	460	186497.0
436	493	49967.0
436	449	191751.0
436	492	56171.0
437	474	5491.0
439	440	27339.0
439	449	78839.0
440	449	18553.0
441	472	13383.0
442	460	54068.0
443	452	113256.0
443	460	247124.0
443	480	114195.0
443	449	171726.0
443	499	3315.0
447	452	42108.0
447	460	56798.0
449	492	345564.0
449	452	176829.0
449	460	190587.0
449	476	357174.0
449	482	10557.0
449	490	44776.0
449	493	271693.0
449	495	273759.0
449	467	17755.0
450	489	416.0
452	498	1643.0
452	499	62365.0
452	492	152879.0
452	481	42108.0
452	460	146479.0
452	463	42050.0
452	476	39855.0
452	487	79218.0
452	493	72950.0
452	469	70530.0
454	492	87488.0
454	460	59480.0
458	492	2816.0
458	460	2880.0
460	480	114926.0
460	492	377173.0
460	463	52152.0
460	469	116596.0
460	476	254396.0
460	479	99112.0
460	481	71125.0
460	482	222893.0
460	493	189834.0
460	499	138164.0
463	492	29011.0
469	492	48292.0
470	496	9776.0
472	492	13882.0
476	482	10721.0
476	493	62.0
476	492	33200.0
480	492	280247.0
481	499	12996.0
492	493	174110.0
492	499	51675.0
